fsubject,ssubject,fobject,sobject,has_matched
fsubject,ssubject,fobject,sobject,has_matched
fsubject,ssubject,fobject,sobject,has_matched
fsubject,ssubject,fobject,sobject,has_matched
fsubject,ssubject,fobject,sobject,has_matched
fsubject,ssubject,fobject,sobject,has_matched
fsubject,ssubject,fobject,sobject,has_matched
fsubject,ssubject,fobject,sobject,has_matched
fsubject,ssubject,fobject,sobject,has_matched
fsubject,ssubject,fobject,sobject,has_matched
fsubject,ssubject,fobject,sobject,has_matched
